INSERT INTO public.perfil(
            id_perfil, no_perfil, estado)
    VALUES (1, 'Administrador', '1');
INSERT INTO public.perfil(
            id_perfil, no_perfil, estado)
    VALUES (2, 'Profesional', '1');
INSERT INTO public.perfil(
            id_perfil, no_perfil, estado)
    VALUES (3, 'Asistente', '1');

INSERT INTO public.especialidad(id_especialidad, codigo, nombre, estado) VALUES (1, 'CAR1','Cardiología','1');
INSERT INTO public.especialidad(id_especialidad, codigo, nombre, estado) VALUES (2, 'ELEC','Electromiografía','1');
INSERT INTO public.especialidad(id_especialidad, codigo, nombre, estado) VALUES (3, 'MED1','Medicina preventiva','1');
INSERT INTO public.especialidad(id_especialidad, codigo, nombre, estado) VALUES (4, 'LABO','Laboratorio','1');
INSERT INTO public.especialidad(id_especialidad, codigo, nombre, estado) VALUES (5, 'IMAG','Imagenes','1');
INSERT INTO public.especialidad(id_especialidad, codigo, nombre, estado) VALUES (6, 'ANES','Anestesiología','1');
INSERT INTO public.especialidad(id_especialidad, codigo, nombre, estado) VALUES (7, 'RADI','Radiología','1');
INSERT INTO public.especialidad(id_especialidad, codigo, nombre, estado) VALUES (8, 'ECOG','Ecografía','1');
INSERT INTO public.especialidad(id_especialidad, codigo, nombre, estado) VALUES (9, 'OPTO','Optometría','1');
INSERT INTO public.especialidad(id_especialidad, codigo, nombre, estado) VALUES (10, 'OFTA','Oftalmología','1');
INSERT INTO public.especialidad(id_especialidad, codigo, nombre, estado) VALUES (11, 'GAST','Gastroenterología','1');
INSERT INTO public.especialidad(id_especialidad, codigo, nombre, estado) VALUES (12, 'TRAU','Traumatología','1');
INSERT INTO public.especialidad(id_especialidad, codigo, nombre, estado) VALUES (13, 'GIN1','Ginecología','1');
INSERT INTO public.especialidad(id_especialidad, codigo, nombre, estado) VALUES (14, 'OTOR','Otorrinolaringologia','1');
INSERT INTO public.especialidad(id_especialidad, codigo, nombre, estado) VALUES (15, 'PEDI','Pediatría','1');
INSERT INTO public.especialidad(id_especialidad, codigo, nombre, estado) VALUES (16, 'ODON','Odontología','1');
INSERT INTO public.especialidad(id_especialidad, codigo, nombre, estado) VALUES (17, 'DERM','Dermatología','1');
INSERT INTO public.especialidad(id_especialidad, codigo, nombre, estado) VALUES (18, 'MED2','Medicina general','1');
INSERT INTO public.especialidad(id_especialidad, codigo, nombre, estado) VALUES (19, 'MED3','Medicina interna','1');
INSERT INTO public.especialidad(id_especialidad, codigo, nombre, estado) VALUES (20, 'PSIC','Psicología','1');
INSERT INTO public.especialidad(id_especialidad, codigo, nombre, estado) VALUES (21, 'CAR2','Cardiología pediatrica','1');
INSERT INTO public.especialidad(id_especialidad, codigo, nombre, estado) VALUES (22, 'CI01','Cirugía Cardiovascular-torax','1');
INSERT INTO public.especialidad(id_especialidad, codigo, nombre, estado) VALUES (23, 'CI02','Cirugia de cabeza, cuello y maxilofacial','1');
INSERT INTO public.especialidad(id_especialidad, codigo, nombre, estado) VALUES (24, 'CURI','Curigía de cabeza y cuello','1');
INSERT INTO public.especialidad(id_especialidad, codigo, nombre, estado) VALUES (25, 'CI03','Cirugia de mamas y tumores','1');
INSERT INTO public.especialidad(id_especialidad, codigo, nombre, estado) VALUES (26, 'CI04','Cirugía de mano y microcirugía','1');
INSERT INTO public.especialidad(id_especialidad, codigo, nombre, estado) VALUES (27, 'CI05','Cirugía de torax','1');
INSERT INTO public.especialidad(id_especialidad, codigo, nombre, estado) VALUES (28, 'CI06','Cirugía general','1');
INSERT INTO public.especialidad(id_especialidad, codigo, nombre, estado) VALUES (29, 'CI07','Cirugía oncológica','1');
INSERT INTO public.especialidad(id_especialidad, codigo, nombre, estado) VALUES (30, 'CI08','Cirugía pediátrica','1');
INSERT INTO public.especialidad(id_especialidad, codigo, nombre, estado) VALUES (31, 'CI09','Cirugía plástica','1');
INSERT INTO public.especialidad(id_especialidad, codigo, nombre, estado) VALUES (32, 'ENDO','Endocrinología','1');
INSERT INTO public.especialidad(id_especialidad, codigo, nombre, estado) VALUES (33, 'GERI','Geriatría','1');
INSERT INTO public.especialidad(id_especialidad, codigo, nombre, estado) VALUES (34, 'GIN2','Gineco obstetra ecografico','1');
INSERT INTO public.especialidad(id_especialidad, codigo, nombre, estado) VALUES (35, 'HEMA','Hematología','1');
INSERT INTO public.especialidad(id_especialidad, codigo, nombre, estado) VALUES (36, 'INFE','Infectología','1');
INSERT INTO public.especialidad(id_especialidad, codigo, nombre, estado) VALUES (37, 'INMU','Inmunología y alergia','1');
INSERT INTO public.especialidad(id_especialidad, codigo, nombre, estado) VALUES (38, 'MED4','Medicina familiar','1');
INSERT INTO public.especialidad(id_especialidad, codigo, nombre, estado) VALUES (39, 'MED5','Medicina fisica y rehabilitación','1');
INSERT INTO public.especialidad(id_especialidad, codigo, nombre, estado) VALUES (40, 'NEFR','Nefrología','1');
INSERT INTO public.especialidad(id_especialidad, codigo, nombre, estado) VALUES (41, 'NEUM','Neumología','1');
INSERT INTO public.especialidad(id_especialidad, codigo, nombre, estado) VALUES (42, 'NEU1','Neurocirugía','1');
INSERT INTO public.especialidad(id_especialidad, codigo, nombre, estado) VALUES (43, 'NEU2','Neurología','1');
INSERT INTO public.especialidad(id_especialidad, codigo, nombre, estado) VALUES (44, 'NUTR','Nutrición','1');
INSERT INTO public.especialidad(id_especialidad, codigo, nombre, estado) VALUES (45, 'ONC1','Oncología','1');
INSERT INTO public.especialidad(id_especialidad, codigo, nombre, estado) VALUES (46, 'ONC2','Oncología pediátrica','1');
INSERT INTO public.especialidad(id_especialidad, codigo, nombre, estado) VALUES (47, 'PODO','Podología','1');
INSERT INTO public.especialidad(id_especialidad, codigo, nombre, estado) VALUES (48, 'PSIQ','Psiquiatría','1');
INSERT INTO public.especialidad(id_especialidad, codigo, nombre, estado) VALUES (49, 'REUM','Reumatología','1');
INSERT INTO public.especialidad(id_especialidad, codigo, nombre, estado) VALUES (50, 'UROL','Urología','1');
INSERT INTO public.especialidad(id_especialidad, codigo, nombre, estado) VALUES (51, 'ALER','Alergia e Inmunología','1');
INSERT INTO public.especialidad(id_especialidad, codigo, nombre, estado) VALUES (52, 'BANC','Banco de sangre','1');
INSERT INTO public.especialidad(id_especialidad, codigo, nombre, estado) VALUES (53, 'CI10','Cirugía de Cabeza y Cuello','1');
INSERT INTO public.especialidad(id_especialidad, codigo, nombre, estado) VALUES (54, 'CI11','Cirugía Torácica y Cardíaca','1');
INSERT INTO public.especialidad(id_especialidad, codigo, nombre, estado) VALUES (55, 'CI12','Cirugía Vascular','1');
INSERT INTO public.especialidad(id_especialidad, codigo, nombre, estado) VALUES (56, 'EMER','Emergencista','1');
INSERT INTO public.especialidad(id_especialidad, codigo, nombre, estado) VALUES (57, 'MAST','Mastología','1');
INSERT INTO public.especialidad(id_especialidad, codigo, nombre, estado) VALUES (58, 'MEDI','Medicina Nuclear','1');
INSERT INTO public.especialidad(id_especialidad, codigo, nombre, estado) VALUES (59, 'ONCO','Oncología y Radioterapia','1');
INSERT INTO public.especialidad(id_especialidad, codigo, nombre, estado) VALUES (60, 'PATO','Patología','1');
INSERT INTO public.especialidad(id_especialidad, codigo, nombre, estado) VALUES (61, 'ULTR','Ultrasonología','1');

INSERT INTO public.subespecialidad(id_subespecialidad, estado, id_especialidad, nombre) VALUES (1, '1',16,'Cirugía Maxilo Facial');
INSERT INTO public.subespecialidad(id_subespecialidad, estado, id_especialidad, nombre) VALUES (2, '1',16,'Endodoncia');
INSERT INTO public.subespecialidad(id_subespecialidad, estado, id_especialidad, nombre) VALUES (3, '1',16,'Estética Dental');
INSERT INTO public.subespecialidad(id_subespecialidad, estado, id_especialidad, nombre) VALUES (4, '1',16,'Rehabilitación Oral');
INSERT INTO public.subespecialidad(id_subespecialidad, estado, id_especialidad, nombre) VALUES (5, '1',16,'Periodoncia');
INSERT INTO public.subespecialidad(id_subespecialidad, estado, id_especialidad, nombre) VALUES (6, '1',16,'Ortodoncia');
INSERT INTO public.subespecialidad(id_subespecialidad, estado, id_especialidad, nombre) VALUES (7, '1',16,'Odontopediatría');
INSERT INTO public.subespecialidad(id_subespecialidad, estado, id_especialidad, nombre) VALUES (8, '1',16,'Implantología');
INSERT INTO public.subespecialidad(id_subespecialidad, estado, id_especialidad, nombre) VALUES (9, '1',16,'Odontología Integral');
INSERT INTO public.subespecialidad(id_subespecialidad, estado, id_especialidad, nombre) VALUES (10, '1',16,'Operatoria dental');
INSERT INTO public.subespecialidad(id_subespecialidad, estado, id_especialidad, nombre) VALUES (11, '1',16,'Cirugía bucal');
INSERT INTO public.subespecialidad(id_subespecialidad, estado, id_especialidad, nombre) VALUES (12, '1',16,'Rehabilitación Oral');